Username,Game Name
jimbob123,beamng drive
jimbob123,Detroit: Become Human
jimbob123,Age of Empires IV
jimbob123,Stick Fight
bertha_plays_games,Talos Principle
bertha_plays_games,God of War
john_who,Days Gone
darth_vader,Phasmaphobia
darth_vader,Lego Star Wars The Skywalker Saga
darth_vader,Dune Spice Wars
super_man_admirer_5687,Stick Fight
super_man_admirer_5687,splitgate
bat_man,Warhammer 3 Total War
green_arrow,Fallout New Vegas
old_ben_kenobi,Uncharted
old_ben_kenobi,God of War
old_ben_kenobi,Journey
def_not_lord_sidious,Phasmaphobia
def_not_lord_sidious,Age of Empires IV
g_dog_jeff,Lego Star Wars The Skywalker Saga
g_dog_jeff,Uncharted
g_dog_jeff,Stick Fight
g_dog_jeff,beamng drive
teddy_swolsevelt,Days Gone
first_is_the_best,Journey
first_is_the_best,Talos Principle
honest_abe,Dune Spice Wars
honest_abe,Detroit: Become Human
honest_abe,Lego Star Wars The Skywalker Saga
harry_potter_lover_25,Uncharted