Name,Email,Password,Display Name
Jim Bob,jimbob123@hotmail.com,jimbob123,jimbob123
Big Bertha,berthaplaysgames@gmail.com,bigbgames,bertha_plays_games
John Doe,unknownperson@unknown.com,doerehmi,john_who
Anakin Skywalker,anisky@hotmail.com,darkside123,darth_vader
Clark Kent,superman@justiceleague.com,loislane,super_man_admirer_5687
Bruce Wayne,batman@justiceleague.com,catwoman,bat_man
Oliver Queen,greenarrow@justiceleague.com,blackcanary,green_arrow
Obi-Wan Kenobi,benkenobi@starwars.com,masterquigon,old_ben_kenobi
Sheev Palpatine,thesenate@starwars.com,dewit,def_not_lord_sidious
Gerald Jefferson,gJeff@gmail.com,GeraldJefferson,g_dog_jeff
Teddy Roosevelt,troose@yahoo.com,bestpres,teddy_swolsevelt
George Washington,gwash@yahoo.com,firstpres,first_is_the_best
Abraham Lincoln,alinc@yahoo.com,emanproc,honest_abe
J.K. Rowling,rowlingintoabook@outlook.com,harryhermoineron,harry_potter_lover_25
